article,seeAlso
2 ft gauge railways in South Africa,0
Acid,0
Africa Day,0
Agriculture in South Africa,3
AIDS orphan,1
Alcohol abuse,2
Alcohol dependence,5
Alcoholism,8
Aloe vera,0
Aloe,3
Animal husbandry in South Africa,0
Animal husbandry,14
Animal-powered transport,16
Apartheid,0
Atom,0
Base (chemistry),5
Bias,0
Bicycle,0
Biome,0
Bird nest,1
Boiling,4
Borehole,5
Bullying,1
Car,0
Castle of Good Hope,3
Cell (biology),0
Ceramic,5
Chapter Two of the Constitution of South Africa,0
Child abuse,0
Children's Act, 2005,0
Children's Day,3
Circuit diagram,0
Clay,0
Climate,0
Coal in South Africa,2
Coal,0
Control variable,0
Convenience food,0
Cooking,0
Cradle of Humankind,0
Day of Reconciliation,0
Decantation,0
Dependent and independent variables,0
Design,1
Discrimination,43
Domestic violence in South Africa,0
Domestic violence,5
Drakensberg,2
Duration (music),1
Economy of South Africa,0
Ecosystem,8
Electrical conductor,0
Electrical network,31
Electricity generation,0
Energy in South Africa,0
Fair trade,0
Farm,0
Fiber,0
Fire safety,12
Flag of South Africa,0
Food group,1
Food pyramid (nutrition),0
Food security,0
Food vs. fuel,0
Food,0
Frances Baard,0
Free State (province),1
Freedom Day (South Africa),7
Gana and Gwi people,2
Gangster,0
Gas,6
Gauteng,0
Gender role,0
Glass,15
Griqua people,3
Hand washing,11
Health,1
Healthcare in South Africa,10
Herero and Namaqua Genocide,0
Heritage Day (South Africa),0
History of South Africa,17
History of writing,0
HIV,0
HIV/AIDS,0
Home safety,2
Human nutrition,0
Human Rights Day,0
Human swimming,0
Hydraulics,7
Insulator (electricity),0
Kaditshwene,0
Khoikhoi,0
Khoisan languages,0
Kingdom of Mapungubwe,11
Later Stone Age,0
Latitude,19
Liquid fuel,0
List of South Africans,6
Longitude,19
Mahatma Gandhi,5
Makhonjwa Mountains,0
Malaria,0
Mandela Day,0
Map,0
Mapungubwe Museum,0
Mapungubwe National Park,1
Mind map,6
Mining industry of South Africa,1
Mpumalanga,1
Music of Africa,0
Music of South Africa,6
National anthem of South Africa,5
National symbols of South Africa,5
National Women's Day,3
Nelson Mandela,0
Nest,3
Noise pollution,6
Oliver Tambo,0
Outer space,0
Outline of domestic violence,9
Paper,27
People Against Gangsterism and Drugs,0
Petrol-paraffin engine,0
Pitch (music),18
Pneumatics,4
Politics of South Africa,0
Pollution,1
Rail transport in South Africa,15
Rail transport,0
Reproduction,8
Right to food,0
Road map,1
Rock (geology),0
Saartjie Baartman,0
San healing practices,1
San people,10
San religion,0
San rock art,9
Sand,0
Scale (map),0
Scientific method,21
Settling,5
Sexism,43
Sieve,0
Soil,0
Sound,25
South Africa,0
South African cuisine,0
South African locomotive history,0
Standard Model,0
Stereotype,39
Steve Biko,4
Tap (valve),0
Textile,18
Trade,0
Transport in South Africa,0
Transport,0
Vibration,35
Walter Sisulu,0
Water filter,9
Water pollution,0
Water privatisation in South Africa,1
Water supply and sanitation in South Africa,4
Water well,7
Wax,1
Western Cape,0
Wetland,3
Wildlife conservation,5
Wildlife management,0
Winnie Madikizela-Mandela,1
Wood,0
Wool,37
Youth culture,10
ǃKung people,0