article, notes, issues, references, seeAlso, images!Kung people,0,1,15,0,0Acid,0,1,3,0,6Africa Day,0,0,3,0,0African music,0,0,15,0,8Agriculture in South Africa,0,0,16,3,5AIDS orphan,0,0,5,1,1Alcohol abuse,0,0,66,2,4Alcohol dependence,12,0,12,5,1Alcoholism,0,0,175,8,8Aloe,0,1,18,3,21Aloe vera,0,0,63,4,5Animal husbandry,0,1,4,14,1Animal husbandry in South Africa,0,2,4,0,0Animal-powered transport,0,0,0,16,1Apartheid,0,0,187,0,11Atom,2,0,141,0,13Automobile,0,1,72,0,14Base (chemistry),0,1,12,5,0Bias,0,4,10,0,0Bicycle,0,0,119,0,29Bill of Rights (South Africa),0,0,4,0,0Biome,0,2,11,0,3Bird nest,0,0,107,1,18Boiling,0,1,8,4,2Borehole,0,0,5,4,2Bullying,0,2,90,1,1Castle of Good Hope,1,0,10,3,7Cell (biology),0,0,29,0,12Ceramic,0,0,11,5,6Child abuse,0,0,202,0,4Child abuseChild abuse,0,0,0,0,0Children's Act (South Africa),0,0,0,0,0Children's Day,0,0,52,3,16Circuit diagram,0,1,9,0,5Clay,0,0,7,0,6Climate,0,0,51,16,10Coal,0,0,141,0,15Coal in South Africa,0,0,25,2,4Control variable,0,1,1,0,0Convenience food,0,0,34,0,4Cooking,0,1,37,0,8Cradle of Humankind,0,0,7,0,2Decanting,0,0,0,0,2Dependent and independent variables,0,1,16,1,1Design,0,1,36,1,4Discrimination,0,4,137,40,13Domestic violence,8,1,351,5,17Domestic violence in South Africa,0,0,22,0,4Drakensberg,0,0,19,2,9Duration (music),0,0,2,1,1Economy of South Africa,0,1,111,0,6Ecosystem,1,0,46,8,12Electrical conductor,0,1,2,0,2Electrical network,0,1,0,31,1Electricity generation,0,1,22,0,9Energy in South Africa,0,0,19,0,1Fair trade,0,2,169,4,7Farm,0,1,27,0,11Fiber,0,1,9,0,1Fire safety,0,4,8,12,2Fire safety,0,4,8,12,2Flag of South Africa,0,0,10,0,9Food,93,0,93,0,27Food groups,0,0,10,1,2Food pyramid (nutrition),0,0,41,3,7Food security,0,1,133,0,15Food vs. fuel,0,0,145,0,2Frances Baard,0,0,7,0,0Free State (province),0,0,4,1,7Freedom Day (South Africa),0,0,2,7,1Gana and Gwi people,0,3,0,2,0Gangster,0,1,53,0,9Gauteng,0,0,73,0,8Gender stereotypes,0,4,185,0,19Glass,0,1,57,12,45Griqua people,0,0,8,3,5Hand washing,0,0,64,11,10Health,0,1,43,1,6Health care in South Africa,26,0,26,8,2Herero and Namaqua Genocide,0,1,88,0,10Heritage Day (South Africa),0,0,5,0,1History of South Africa,0,8,159,15,32History of writing,2,0,37,0,6HIV,0,0,124,0,12HIV/AIDS,0,0,265,0,15Home safety,0,1,4,2,0Hottentot Venus,0,1,59,0,8Human nutrition,0,2,95,0,3Human Rights Day,0,0,19,5,3Human swimming,0,0,23,0,8Hydraulics,9,0,9,7,4Insulator (electricity),9,0,9,0,11Khoikhoi,0,1,9,0,5Khoikhoi mythology,0,0,27,0,0Later Stone Age,0,0,7,0,2Latitude,0,2,16,18,11Liquid fuel,0,1,3,0,1List of South Africans,0,1,2,6,33Longitude,0,0,11,18,3Mahatma Gandhi,0,1,275,5,28Malaria,0,0,190,0,15Mandela Day,0,0,6,0,1Map,0,0,6,0,10Mapungubwe,11,0,11,11,9Mapungubwe Museum,0,0,1,0,2Mapungubwe National Park,0,0,9,1,2Mining industry of South Africa,0,1,27,1,3Mpumalanga,0,0,9,1,3Music of South Africa,0,2,12,4,0National anthem of South Africa,0,0,6,5,0National symbols of South Africa,0,0,9,5,6National Women's Day,0,0,4,3,1Nelson Mandela,0,0,401,0,25Nest,0,0,11,3,8Noise pollution,0,0,25,6,5Oliver Tambo,13,1,13,0,1Outer space,0,0,139,0,12Outline of domestic violence,0,0,65,9,1Paper,0,0,26,26,4People Against Gangsterism and Drugs,0,0,8,0,0Petrol-paraffin engine,0,1,8,0,4Pitch (music),0,1,23,17,2Pneumatics,1,0,1,4,1Politics of South Africa,0,1,3,0,2Pollution,0,0,54,1,12Rail transport,1,0,49,0,26Rail transport in South Africa,0,0,14,15,3Reconciliation Day,0,0,2,0,0Reproduction,20,0,20,7,3Republic of South Africa,1,1,181,0,36Right to food,0,0,69,0,6Road map,0,0,7,1,6Rock (geology),0,0,11,0,8San healing practices,0,1,10,1,0San languages,5,0,5,0,0San people,0,0,89,10,7San religion,0,0,27,0,0San rock art,9,0,9,9,1Sand,0,7,10,0,9Scale (map),0,2,6,0,10Scientific classification (disambiguation),0,0,0,4,0Scientific method,162,2,162,36,10Settling,0,0,5,5,3Sexism,0,1,308,43,16Sieving,0,1,6,0,3Soil,0,0,216,0,24Sound,0,0,8,25,6South African cuisine,0,1,0,0,9South African locomotive history,0,0,30,2,340Standard Model,0,1,39,0,3Stereotype,0,1,83,37,6Steve Biko,0,0,42,4,1Structure (disambiguation),0,0,0,1,0Tap (valve),0,1,2,0,7Textile,0,0,23,18,12Trade,50,0,50,0,8Transport,33,0,33,0,20Transport in South Africa,0,0,6,0,4Two foot gauge railways in South Africa,0,0,40,0,1Vibration,0,1,9,34,8Volume (disambiguation),0,0,0,4,0Walter Sisulu,0,0,10,0,1Water filter,0,1,10,9,2Water pollution,0,0,42,0,17Water privatization in South Africa,0,0,6,1,0Water supply and sanitation in South Africa,0,0,67,4,5Water well,0,0,12,6,19Wax,0,0,6,1,7Western Cape,0,2,28,0,11Wetlands,0,0,80,0,10Wildlife conservation,0,0,16,4,2Wildlife management,0,0,20,0,1Winnie Madikizela-Mandela,0,2,43,1,1Wood,0,1,26,0,16Wool,0,0,40,37,17Youth culture,0,1,30,10,2